81919,"Bernlef"
95497,"Willem_Duys"
158216,"Joop_Stokkermans"
87863,"Armin_van_Buuren"
119788,"Jeroen_Krabb%C3%A9"
92165,"Daphne_Deckers"
151728,"Katja_Schuurman"
98084,"Peter_Faber"
164629,"Paul_Verhoeven"
156371,"Bob_Spaak"
126619,"Hannie_Lips"
109693,"Han_Hollander"
104030,"Hugo_de_Groot"
131357,"Kim-Lian_van_der_Meij"
150936,"Pi_Scheffer"
102963,"Theo_van_Gogh"
151479,"Teddy_Scholten"
212161,"Ewout_Genemans"
113472,"Joris_Ivens"
150781,"Annie_M.G._Schmidt"
91411,"Ellen_ten_Damme"
103735,"Rijk_de_Gooyer"
129706,"Sylvia_Millecam"
156497,"Rob_Stenders"
127110,"Robert_Long"
171732,"Jack_Wouterse"
162614,"Georgina_Verbaan"
99148,"Harrie_Geelen"
83036,"Jan_Blokker"
167198,"Coen_van_Vrijberghe_de_Coningh"
209882,"Achmed_Akkabi"
115771,"Ad_van_Kempen"
91001,"Adam_Curry"
148741,"Willem_van_de_Sande_Bakhuyzen"
84107,"Jan_de_Bont"
168591,"Jan_Wolkers"
107522,"Ernst-Paul_Hasselbach"
120830,"Kim_van_Kooten"
85227,"Mies_Bouwman"
85839,"Claudia_de_Breij"
103489,"Joan_Haanappel"
94008,"Willy_Dobbe"
109746,"Sophie_Hilbrand"
76918,"Willeke_van_Ammelrooy"
126656,"Liesbeth_List"
138053,"Paula_van_der_Oest"
120477,"Martin_Koolhoven"
76612,"Willeke_Alberti"
99422,"Marlous_Fluitsma"
119905,"Herman_Koch"
156339,"Ren%C3%A9e_Soutendijk"
162507,"Monique_van_de_Ven"
133435,"Linda_de_Mol"
144342,"Fons_Rademakers"
163694,"Herman_van_Veen"
104047,"Bart_de_Graaff"
125979,"Lieke_van_Lexmond"
113733,"Robert_Jensen"
125363,"Nanouk_Leopold"
95024,"Andr%C3%A9_van_Duin"
83272,"Johan_Bodegraven"
144430,"Tooske_Ragas"
150811,"Maarten_Schmidt"
153506,"Tatjana_Simic"
108468,"Ruud_van_Hemert"
82993,"Anneke_Blok"
114478,"Pim_Jacobs"
156879,"Spinvis"
165751,"Ad_Visser"
77264,"Frans_Bauer"
125653,"Loes_Luca"
119487,"Nicolette_Kluijver"
93898,"DJ_Jean"
170424,"Jeroen_Willems"
104655,"Angela_Groothuizen"
148424,"Marjon_van_Royen"
157432,"Aart_Staartjes"
134742,"Jan_Mulder"
86266,"Herman_Brood"
120034,"Peter_Koelewijn"
158902,"Joop_van_Tijn"
161393,"Marten_Toonder"
111012,"Thom_Hoffman"
142499,"Marieke_van_der_Pol"
227431,"Yolanthe_Sneijder-Cabau"
145604,"Leonard_Retel_Helmrich"
78681,"Barry_Atsma"
103500,"Bert_Haanstra"
87114,"Boudewijn_B%C3%BCch"
131413,"Ischa_Meijer"
97401,"Bram_van_Erkel"
131895,"Mental_Theo"
165134,"Wim_Verstappen"
86993,"Kees_Brusse"
118055,"Johan_van_der_Keuken"
158212,"Kick_Stokhuyzen"
137919,"Wubbo_Ockels"
103376,"Charles_Groenhuijsen"
148665,"Willem_Ruis"
133409,"Albert_Mol"
126179,"Ad_van_Liempt"
122823,"Paul_de_Leeuw"
115432,"Freek_de_Jonge"
136845,"Rob_de_Nijs"
84887,"Carlo_Boszhard"
110858,"Charles_Huguenot_van_der_Linden"
112591,"Chiem_van_Houweninge"
209919,"Conny_Mus"
85654,"Patty_Brard"
123069,"Dick_Laan"
128185,"Dick_Maas"
161478,"Waldemar_Torenstra"
124566,"Hugo_van_Lawick"
96821,"Ed_van_der_Elsken"
91287,"Josine_van_Dalsum"
167008,"Edwin_de_Vries"
104026,"Harry_de_Groot"
98236,"Emile_Fallaux"
97016,"Joop_van_den_Ende"
114072,"Gerard_Joling"
94932,"Michael_Dudok_de_Wit"
156186,"Wim_Sonneveld"
157631,"Huub_Stapel"
172152,"Yes-R"
169266,"Filemon_Wesselink"
100296,"Nelly_Frijda"
92554,"Midas_Dekkers"
135455,"Jan_Nagel"
135354,"Jochem_Myjer"
86096,"Jos_Brink"
156458,"Jos_Stelling"
161532,"Krijn_Torringa"
80124,"Bram_Bart"
88478,"Jan_Carmiggelt"
124748,"John_Leddy"
227015,"Diana_Sno"
154257,"Frits_Sissing"
161222,"Bob_van_Tol"
114141,"John_Jones"
166465,"Ren%C3%A9_van_Vooren"
115404,"Jaap_Jongbloed"
85606,"Margriet_Brandsma"
159845,"Humberto_Tan"
83729,"Marit_van_Bohemen"
110949,"Hellen_Huisman"
109278,"Antoinette_Hertsenberg"
146136,"Dick_Rienstra"
210624,"Ernst_Dani%C3%ABl_Smid"
160421,"Henk_Terlingen"
108007,"Wim_Hazeu"
95809,"John_Fernhout"
95809,"John_Fernhout"
96265,"Anne_van_Egmond"
91093,"Joop_Daalmeijer"
85504,"Govert_van_Brakel"
127897,"Joram_L%C3%BCrsen"
87892,"Kees_Buurman"
90570,"Jules_de_Corte"
88916,"Leontien_Ceulemans"
221183,"Marco_Verhoef"
83012,"Marnie_Blok"
95812,"Roeland_Fernhout"
123127,"Irene_van_de_Laar"
97862,"Edwin_Evers"
101749,"Winston_Gerschtanowitz"
122852,"Aad_van_Leeuwen"
165202,"Mieke_Verstraete"
86758,"Judith_de_Bruijn"
163649,"Roderick_Veelo"
81765,"Marjan_Berk"
108485,"Roelof_Hemmen"
149133,"Michiel_de_Ruyter"
108557,"Monic_Hendrickx"
114775,"Erik_Jurgens"
103381,"Germaine_Groenier"
119743,"Maria_Kraakman"
157682,"Mike_Starink"
162172,"Rocky_Tuhuteru"
140780,"Han_Peekel"
80649,"Tom_van_Beek"
169335,"Rik_van_de_Westelaken"
167109,"Peter_R._de_Vries"
84729,"Judith_Bosch"
110453,"Coen_van_Hoewijk"
124460,"Rik_Launspach"
167094,"Meta_de_Vries"
79623,"Harry_Bannink"
148066,"Eddo_Rosenthal"
90704,"Kitty_Courbois"
164763,"Albert_Verlinde"
142200,"Sjoerd_Pleijsier"
101164,"Bert_Garthoff"
132151,"Jeroen_van_Merwijk"
115438,"Hella_de_Jonge"
132077,"Erik_van_Muiswinkel"
135262,"Marcel_Musters"
93004,"Floortje_Dessing"
140507,"Paula_Patricio"
126317,"Wibo_van_de_Linde"
143670,"Joost_Prinsen"
157821,"Maeve_van_der_Steen"
167275,"Siem_Vroom"
93051,"Frans_van_Deursen"
145836,"Hugo_van_Rhijn"
136633,"Jeroen_Nieuwenhuize"
94732,"Wieteke_van_Dort"
128274,"Theo_Maassen"
143995,"Jos_de_Putter"
169420,"Fons_van_Westerloo"
115052,"Leoni_Jansen"
95397,"Frans_van_Dusschoten"
149671,"L%C3%A9onie_Sazias"
117688,"Hans_Kaz%C3%A0n"
96510,"Gerard_Ekdom"
235628,"Annechien_Steenhuizen"
94069,"Joop_Doderer"
81347,"Han_Bentz_van_den_Berg"
127979,"Pieter_Lutz"
167018,"Fabienne_de_Vries"
113323,"Kas_van_Iersel"
107713,"John_van_den_Heuvel"
108950,"Marcel_Hensema"
150922,"Dick_Scheffer"
126528,"Gees_Linnebank"
169360,"Frits_Wester"
128257,"Bridget_Maasland"
97995,"Tonny_Eyk"
112023,"Tim_Immers"
139385,"Jeroen_Overbeek"
139333,"Rob_Out"
110784,"Fedja_van_Hu%C3%AAt"
127914,"Peter_Lusse"
157706,"Gaston_Starreveld"
164921,"Gijs_Wanders"
78834,"Winfried_Baijens"
160898,"Haye_Thomas"
129654,"Hilde_de_Mildt"
79715,"Frits_Barend"
164715,"Dick_Verkijk"
124040,"Arend_Langenberg"
172707,"Aart_Zeeman"
112574,"Bob_van_der_Houven"
86595,"Walter_Crommelin"
222774,"Sofie_van_den_Enk"
119257,"Judith_de_Klijn"
148362,"Lex_Runderkamp"
124337,"Merel_Laseur"
103165,"Cees_Grimbergen"
143787,"Rogier_Proper"
86997,"Peter_Brusse"
164146,"Louis_Velleman"
123641,"Frits_Lambrechts"
153614,"Sander_Simons"
109124,"Toon_Hermans"
124211,"Sander_Lantinga"
209912,"Jeanet_Schuurman"
160248,"Hans_Teeuwen"
168724,"Guus_Weitzel"
108254,"Raoul_Heertje"
110885,"Marc-Marie_Huijbregts"
102181,"Lex_Goudsmit"
127408,"Rudolf_Lucieer"
120338,"Jeroen_van_Koningsbrugge"
108471,"Willy_van_Hemert"
101457,"Wilfred_Genee"
172944,"Joop_van_Zijl"
90587,"Eric_Corton"
78906,"Dragan_Bakema"
111722,"Jan_de_Hoop"
153615,"Sylvana_Simons"
93356,"Inge_Diepman"
131180,"Ruben_van_der_Meer"
165309,"Gallyon_van_Vessem"
113528,"Yvon_Jaspers"
82846,"Herman_Broekhuizen"
78293,"Gerard_Arninkhof"
228306,"Tonny_van_Renterghem"
108683,"Hetty_Heyting"
118146,"Catherine_Keyl"
91707,"Gert-Jan_Dr%C3%B6ge"
80953,"Mireille_Bekooij"
171254,"Anita_Witzier"
84888,"Ron_Boszhard"
83443,"Hadassah_de_Boer"
225938,"Luuk_Ikink"
82997,"Dieuwertje_Blok"
136995,"Tosca_Niterink"
105638,"Yvonne_Habets"
105582,"Nico_Haasbroek"
133954,"Irene_Moors"
93526,"Selma_van_Dijk"
155373,"Ger_Smit"
121975,"Erwin_Kroll"
77962,"Ger_Apeldoorn"
171730,"Rolf_Wouters"
131980,"Fons_Merkies"
119628,"Wim_de_Knijff"
103472,"Nico_de_Haan"
124406,"Jeroen_Latijnhouwers"
167013,"Erik_de_Vries"
98223,"Rudi_Falkenhagen"
162792,"Paula_Udondek"
123947,"Cees_de_Lange"
104011,"Genio_de_Groot"
77720,"Baas_B"
82379,"Alexandra_Blaauw"
144257,"Jur_Raatjes"
210090,"Patrick_Martens"
139071,"Fred_Oster"
110799,"Ferd_Hugas"
164335,"Hans_Verhagen"
213131,"Simone_Weimans"
91577,"Mary_Dresselhuys"
167484,"Paul_de_Waart"
131527,"Rob_Meines"
212147,"Viktor_Brand"
169322,"Henk_Westbroek"
79717,"Sonja_Barend"
211986,"Margriet_van_der_Linden"
137495,"Karl_Noten"
222766,"Matthias_Scholten"
84239,"Arie_Boomsma"
125215,"Jan_Lenferink"
111990,"Henk_van_der_Horst"
222398,"Alex_van_Galen"
100287,"Job_Frieszo"
111341,"Rik_Hoogendoorn"
86494,"Martin_Brozius"
155756,"Jeroen_Snel"
91654,"Paul_Driessen"
111284,"Tosca_Hoogduin"
212375,"Michael_Pilarczyk"
151176,"Ageeth_Scherphuis"
77645,"Milo_Anstadt"
143400,"Marga_van_Praag"
79535,"Piet_Bambergen"
115929,"Michiel_Kerbosch"
156914,"Bram_van_Splunteren"
117417,"Ton_Kas"
100184,"Philip_Freriks"
85613,"Ron_Brandsteder"
78594,"Eli_Asser"
97456,"Michiel_van_Erp"
171821,"Gerard_van_der_Wulp"
119051,"Marc_Klein_Essink"
100362,"Sjors_Fr%C3%B6hlich"
172740,"Chris_Zegers"
150534,"Angela_Schijf"
117309,"Joost_Karhof"
169127,"Hans_Zoet"
171468,"Femke_Wolthuis"
135617,"Evert_ten_Napel"
221152,"Tijs_Tinbergen"
137298,"Wim_Noordhoek"
170597,"Hans_van_Willigenburg"
154494,"Jan_Slagter"
154121,"Harmen_Siezen"
93423,"Ati_Dijckmeester"
136450,"Rick_Nicolet"
99505,"Ren%C3%A9e_Fokker"
103760,"Paul_van_Gorcum"
169302,"Albert_West"
93815,"Adriaan_van_Dis"
90771,"Gerard_Cox"
86400,"Eef_Brouwers"
83370,"Vivian_Boelen"
171735,"Loes_Wouterson"
127980,"Ton_Lutz"
79145,"Michiel_Bicker_Caarten"
161856,"Annette_van_Trigt"
157436,"Liesbeth_Staats"
120504,"Theo_Koomen"
138444,"Adrie_van_Oorschot"
77989,"John_Appel"
120532,"Joop_Koopman"
81459,"Gerard_van_den_Berg"
86990,"Ellen_Brusse"
81346,"Menno_Bentveld"
230829,"Lex_Uiting"
210181,"Hans_Smit"
110963,"Michiel_Huisman"
95671,"Stefan_Felsenthal"
102717,"Manfred_de_Graaf"
138949,"Martine_van_Os"
99720,"Curt_Fortin"
123408,"Carolijn_Lilipaly"
91166,"Tatum_Dagelet"
100722,"Cor_Galis"
96954,"Ad_van_Emmenes"
135965,"Wim_Neijman"
79335,"Martine_Bijl"
167218,"Jan_Vrijman"
159882,"Pier_Tania"
116615,"Piet_Kamerman"
132406,"Felix_Meurders"
95196,"Rik_Felderhof"
143644,"Kees_Prins"
153556,"Will_Simon"
80878,"Kees_van_Beijnum"
98837,"Jan_Fillekers"
92218,"Jaap_Drupsteen"
152303,"Loretta_Schrijver"
144364,"Prem_Radhakishun"
108238,"Arend_Jan_Heerma_van_Voss"
104234,"Rients_Gratama"
161057,"Frits_Thors"
170258,"Ruud_de_Wild"
86113,"Tijs_van_den_Brink"
143206,"Koos_Postema"
93535,"Wendy_van_Dijk"
122557,"Herman_Kuiphof"
95048,"Ton_van_Duinhoven"
106067,"Pieter_Jan_Hagens"
166437,"Skip_Voogd"
149341,"Anniko_van_Santen"
120654,"Frank_Kramer"
159555,"Chriet_Titulaer"
145526,"Peter_Jan_Rens"
158201,"Herman_Stok"
108603,"Piet_Hendriks"
115375,"Steven_de_Jong"
161202,"Maureen_du_Toit"
167488,"Viggo_Waas"
88372,"Lucella_Carasso"
166254,"Sanne_Vogel"
83937,"Frits_Bom"
231934,"Eelco_Bosch_van_Rosenthal"
79009,"Heinze_Bakker"
132884,"Ferry_Mingelen"
159266,"Coen_Swijnenberg"
79857,"Henk_Binnendijk"
107861,"Gerda_Havertong"
171195,"Leopold_Witte"
171076,"Frans_de_Wit"
113144,"Twan_Huys"
141969,"Ghislaine_Plag"
98678,"Martin_Gaus"
86862,"Hajo_Bruins"
112149,"Inge_Ipenburg"
152294,"Annemiek_Schrijver"
162893,"Henk_van_Ulsen"
161402,"Aad_van_Toor"
100025,"Ferdinand_Fransen"
162292,"Frits_van_Turenhout"
142935,"Gerardjan_Rijnders"
121281,"Wouter_Kurpershoek"
134155,"Adriaan_Olree"
91350,"Marcel_van_Dam"
97825,"Frank_Evenblij"
115125,"Kees_Jansma"
119554,"Nico_Knapper"
104644,"Frank_Groothof"
116608,"Antonie_Kamerling"
84674,"Tamara_Bos"
82970,"Philip_Bloemendal"
161231,"Henri%C3%ABtte_Tol"
145370,"Han_Reiziger"
166172,"Bram_van_der_Vlugt"
122862,"Bert_van_Leeuwen"
130462,"Diana_Matroos"
210571,"Quinty_Trustfull"
170778,"Lies_de_Wind"
152598,"Will_van_Selst"
233236,"Dionne_Stax"
96022,"Arjan_Ederveen"
98222,"Violet_Falkenburg"
166684,"Michiel_Vos"
120303,"Marijn_de_Koning"
115101,"Tom_Jansen"
82960,"Karin_Bloemen"
94665,"Henk_van_Dorp"
117369,"Nel_Kars"
114981,"Dolf_Jansen"
85418,"Lex_Braamhorst"
116673,"Walter_van_der_Kamp"
128284,"Ferry_Maat"
150190,"Klaas_Samplonius"
136559,"Edvard_Niessing"
138039,"Reinout_Oerlemans"
141553,"Debby_Petter"
209896,"Astrid_Kersseboom"
82286,"Noraly_Beyer"
81709,"Sunny_Bergman"
111193,"Heddy_Honigmann"
111321,"Ferry_Hoogendijk"
115214,"Pierre_Janssen"
119886,"Victoria_Koblenko"
85040,"Fran%C3%A7ois_Boulang%C3%A9"
134645,"Henk_Mouwe"
138749,"Alice_Oppenheim"
83015,"Peter_Blok"
141482,"Milika_Peterzon"
148055,"Netty_Rosenfeld"
139418,"Dani%C3%ABlle_Overgaag"
231839,"DJ_St._Paul"
147278,"Piet_R%C3%B6mer"
104594,"Paul_Groot"
91165,"Hans_Dagelet"
163865,"Hans_Veerman"
133535,"Onno_Molenkamp"
86951,"Edo_Brunner"
108744,"Gerrit_Hiemstra"
79168,"Wim_de_Bie"
120400,"Jeanne_Kooijmans"
79984,"Annette_Barlo"
95487,"Cherry_Duyns"
168711,"Frans_Weisz"
136755,"Johan_Nijenhuis"
147277,"Peter_R%C3%B6mer"
87434,"Hansje_Bunschoten"
96514,"Piet_Ekel"
236436,"Antoin_Peeters"
82236,"Willem_van_Beusekom"
96206,"Tom_Egbers"
163736,"Rudolph_van_Veen"
130031,"Martian"
173323,"Peter_Zwart"
164392,"Simone_Walraven"
114955,"John_Jansen_van_Galen"
120467,"Anton_Koolhaas"
100395,"Rob_Fruithof"
79729,"Barend_Barendse"
212271,"Suzanne_Bosman"
163970,"Jean_van_de_Velde"
117684,"Wim_Kayzer"
75284,"Thomas_Acda"
170193,"Ivo_de_Wijs"
115760,"Manu%C3%ABla_Kemp"
139050,"Tetske_van_Ossewaarde"
90466,"Rita_Corita"
118107,"Marjolein_Keuning"
111749,"Henk_van_Hoorn"
89937,"Horace_Cohen"
82963,"Ad%C3%A8le_Bloemendaal"
147909,"Huib_Rooymans"
115274,"Chantal_Janzen"
151178,"Wouke_van_Scherrenburg"
116039,"Astrid_Joosten"
213359,"Eva_Jinek"
171685,"Helmert_Woudenberg"
171213,"Paul_Witteman"
147781,"Adelheid_Roosen"
109535,"Andr%C3%A9_van_den_Heuvel"
155624,"Joop_Smits"
144317,"Fred_Rack%C3%A9"
112936,"Nadja_H%C3%BCpscher"
172708,"Micha%C3%ABl_Zeeman"
170423,"Jennifer_Willems"
161405,"Bas_van_Toor"
160221,"Peter_Teekamp"
154484,"Kees_Slager"
156380,"Henk_Spaan"
144876,"J%C3%B6rgen_Raymann"
123981,"Lucie_de_Lange"
121911,"Jan_Douwe_Kroeske"
92558,"Saskia_Dekkers"
142807,"Dick_Poons"
82377,"Jan_Blaaser"
120828,"Kasper_van_Kooten"
124850,"Simon_van_Leeuwen"
93419,"Linda_van_Dyck"
119349,"Co_de_Kloet"
165627,"Pieter_de_Vink"
145544,"Rik_Rensen"
136461,"Nada_van_Nie"
116714,"Rob_Kamphues"
133437,"Olav_Mol"
155264,"Mia_Smelt"
123190,"Sebastiaan_Labrie"
210454,"Lisa_Wade"
161190,"Hans_van_der_Togt"
227799,"Gordon_(zanger)"
114995,"Fons_Jansen"
210467,"Simon_de_Waal"
97484,"Beau_van_Erven_Dorens"
102868,"Hans_Goedkoop"
120716,"Bert_Kranenbarg"
139270,"Mari_Carmen_Oudendijk"
170918,"Harry_de_Winter"
238893,"Willemijn_Hoebert"
89043,"Thijs_Chanowski"
82858,"Manuel_Broekman"
91862,"Cilly_Dartell"
109191,"Jan_van_Herpen"
94556,"Ate_Doornbosch"
145362,"Theo_Reitsma"
110377,"Hans_Hoes"
164803,"Harry_Vermeegen"
90627,"Beppe_Costa"
143381,"L%C3%A9on_Povel"
101300,"Jack_van_Gelder"
85424,"Bartho_Braat"
120829,"Kees_van_Kooten"
161994,"Jan_de_Troye"
80521,"Eddy_Becker"
136486,"Ivo_Niehe"
96962,"Fred_Emmer"
116769,"Wim_Kan"
169458,"Bas_Westerweel"
101224,"Louis_van_Gasteren"
132308,"Wim_Meuldijk"
85400,"Ted_de_Braak"
112862,"Aldith_Hunkar"
109877,"G.B.J._Hiltermann"
157927,"Barrie_Stevens"
147293,"Michiel_Romeyn"
151414,"Annemieke_Schollaardt"
156920,"Amanda_Spoel"
120456,"Wim_Koole"
98745,"Jimmy_Geduld"
110636,"Viola_Holt"
105583,"Lous_Haasdijk"
78291,"Marga_van_Arnhem"
99194,"Ursul_de_Geer"
164846,"Bram_Vermeulen"
104048,"Dione_de_Graaff"
162739,"Tineke_Verburg"
173337,"Andr%C3%A9_Zwartbol"
215283,"Jetske_van_den_Elsen"
96978,"Herman_Emmink"
85031,"Mies_Bouhuys"
117200,"Marnix_Kappers"
136558,"Sybrand_Niessen"
86110,"Robert_ten_Brink"
95194,"Herman_Felderhof"
169429,"Max_Westerman"
114068,"Francisco_van_Jole"
122711,"Hans_Leendertse"
132947,"Ren%C3%A9_Mioch"
130266,"Frank_Masmeijer"
112100,"Jeroen_van_Inkel"
142376,"Fons_de_Poel"
129176,"Annet_Malherbe"
90660,"Jan_Cottaar"
151613,"Lex_Schoorel"
150220,"Julia_Samu%C3%ABl"
161880,"Rob_Trip"
136778,"Willem_Nijholt"
155245,"Mart_Smeets"
230480,"Merel_Westrik"
78107,"Jenny_Arean"
125283,"Ton_Lensink"
139070,"Annemarie_Oster"
100539,"Seth_Gaaikema"
151433,"Gijs_Scholten_van_Aschat"
168996,"Lucille_Werner"
84615,"Burny_Bos"
77961,"Dodi_Apeldoorn"
153532,"Freek_Simon"
135208,"Jan_Musch"
128621,"Sacco_van_der_Made"
96543,"Maya_Eksteen"
132731,"Kees_Middelhoff"
140640,"Jeroen_Pauw"
149722,"Frank_Schaafsma"
102570,"Wilbert_Gieske"
210755,"Rob_Geus"
104611,"Theo_de_Groot"
167004,"Dolf_de_Vries"
105987,"Georgette_Hagedoorn"
150923,"Frank_Scheffer"
81621,"Elles_Berger"
146363,"Dick_van_Rijn"
102713,"Karel_van_de_Graaf"
97154,"Rick_Engelkes"
103716,"Leo_van_der_Goot"
150527,"Hans_Schiffers"
156596,"Maarten_Spanjer"
158119,"Henk_van_Stipriaan"
160377,"Caroline_Tensen"
93636,"Pia_Dijkstra"
84913,"Froukje_de_Both"
140558,"Tom_Pauka"
146195,"Mark_Rietman"
103691,"Myrna_Goossen"
119949,"Sven_Kockelmann"
127918,"Willem_Lust"
110604,"Karen_van_Holst_Pellekaan"
157745,"Gijs_Staverman"
145871,"Franky_Ribbens"
111343,"Wim_Hoogendoorn"
136526,"Rick_Nieman"
138694,"Noortje_van_Oostveen"
79756,"Cees_Bijlstra"
157273,"Alfred_van_Sprang"
103851,"Corrie_van_Gorp"
171265,"Diana_Woei"
111896,"Lisette_Hordijk"
79728,"Edda_Barends"
209825,"Zarayda_Groenhart"
96019,"Harm_Edens"
121486,"Letty_Kosterman"
140275,"Pim_de_la_Parra"
168340,"Maartje_van_Weegen"
104008,"Frederik_de_Groot"
128335,"Jaap_van_Meekren"
136009,"Leo_Nelissen"
87035,"Erik_de_Bruyn"
122422,"Pieter_Kuijpers"
105581,"Jan_Haasbroek"
124209,"John_Lanting"
122977,"Georgina_Kwakye"
221474,"MC_Ruben"
109534,"Alfred_van_den_Heuvel"
89658,"Jos_Cleber"
81153,"Fred_Benavente"
123701,"Frank_Lammers"
168537,"Mieke_van_der_Weij"
230544,"Peter_van_Zadelhoff"
85134,"Sipke_Jan_Bousema"
169142,"Eddy_Zo%C3%ABy"
142520,"Clairy_Polak"
118004,"Hans_Kesting"
156093,"Monique_Somers"
139502,"Harmke_Pijpers"
117771,"Joop_Keesmaat"
134872,"Hero_Muller"
158151,"Henny_Stoel"
79761,"Wim_Bijmoer"
121942,"Nelleke_van_der_Krogt"
167946,"Maarten_Wansink"
100054,"Porgy_Franssen"
172940,"Hans_van_Zijl"
124390,"Leo_de_Later"
115018,"Harrie_Jansen"
94593,"Tamar_van_den_Dop"
126883,"Patrick_Lodiers"
154827,"Jeroen_Soer"
119791,"Martijn_Krabb%C3%A9"
103403,"Hanneke_Groenteman"
96159,"Jon_van_Eerd"
145304,"Victor_Reinier"
85870,"Ria_Bremer"
108249,"Peter_Heerschop"
162198,"Peter_Tuinman"
136679,"Matthijs_van_Nieuwkerk"
89692,"Jan_de_Cler"
151257,"Marceline_Schopman"
109532,"Aad_van_den_Heuvel"
120061,"Tanja_Koen"
93467,"Gerrit_van_Dijk"
111976,"Christine_van_der_Horst"
102151,"Ab_Goubitz"
212825,"Margriet_Vroomans"
96344,"Hans_van_Eijck"
85057,"Bob_Bouma"
145267,"Joop_Reinboud"
158874,"Bert_Tigchelaar"
87437,"Daphne_Bunskoek"
136436,"Ruben_Nicolai"
134444,"Frank_du_Mosch"
141093,"Toine_van_Peperstraten"
83034,"IJf_Blokker"
101302,"Jochem_van_Gelder"
114097,"Guido_Jonckers"
145237,"Pim_Reijntjes"
117383,"Arnold_Karskens"
149026,"Edwin_Rutten"
85439,"Gerrit_den_Braber"
106554,"Isolde_Hallensleben"
162856,"Marjolijn_Uitzinger"
160496,"Eddy_Terstall"
140618,"Piet_Paulusma"
156836,"Jack_Spijkerman"
80703,"Giel_Beelen"
110950,"Henny_Huisman"
126555,"Joris_Linssen"
87857,"Frits_Butzelaar"
101265,"Marcel_Gelauff"
80913,"Jeroen_Beker"
164597,"Pieter_Verhoeff"
96965,"Stephen_Emmer"
162845,"Theo_Uittenbogaard"
123939,"Lange_Frans"
83502,"Sacha_de_Boer"
144159,"Anton_Quintana"
233925,"Geraldine_Kemper"
86149,"Isabelle_Brinkman"
87115,"Menno_Buch"
90044,"Simon_van_Collem"
113292,"Jacques_Idserda"
